timestamp,prediction
2026-03-31T12:21:04.304674,BENIGN
2026-03-31T12:21:04.306608,BENIGN
2026-03-31T12:21:04.308021,BENIGN
2026-03-31T12:21:04.365764,BENIGN
2026-03-31T12:21:04.367328,BENIGN
2026-03-31T12:21:04.368638,BENIGN
2026-03-31T12:21:04.369937,BENIGN
2026-03-31T12:21:04.371284,BENIGN
2026-03-31T12:21:04.416795,BENIGN
2026-03-31T12:21:04.418153,BENIGN
2026-03-31T12:21:04.419350,BENIGN
2026-03-31T12:21:04.420280,BENIGN
2026-03-31T12:21:04.420964,BENIGN
2026-03-31T12:21:04.421584,BENIGN
2026-03-31T12:21:04.422403,BENIGN
2026-03-31T12:21:04.423535,BENIGN
2026-03-31T12:21:04.424670,BENIGN
2026-03-31T12:21:04.425877,BENIGN
2026-03-31T12:21:04.426651,BENIGN
2026-03-31T12:21:04.449112,BENIGN
2026-03-31T12:21:04.450293,BENIGN
2026-03-31T12:21:04.464107,BENIGN
2026-03-31T12:21:04.465566,BENIGN
2026-03-31T12:21:14.438714,BENIGN
2026-03-31T12:21:14.440437,BENIGN
2026-03-31T12:21:14.479369,BENIGN
2026-03-31T12:21:14.480713,BENIGN
2026-03-31T12:21:29.715104,BENIGN
2026-03-31T12:21:29.770991,BENIGN
2026-03-31T12:21:37.084500,BENIGN
2026-03-31T12:21:37.085592,BENIGN
2026-03-31T12:21:37.086855,BENIGN
2026-03-31T12:21:37.151414,BENIGN
2026-03-31T12:21:37.152660,BENIGN
2026-03-31T12:21:37.154032,BENIGN
2026-03-31T12:21:37.155644,BENIGN
2026-03-31T12:21:37.157528,BENIGN
2026-03-31T12:21:37.191838,BENIGN
2026-03-31T12:21:37.193140,BENIGN
2026-03-31T12:21:37.194186,BENIGN
2026-03-31T12:21:37.195209,BENIGN
2026-03-31T12:21:37.196702,BENIGN
2026-03-31T12:21:37.197927,BENIGN
2026-03-31T12:21:37.198859,BENIGN
2026-03-31T12:21:37.199699,BENIGN
2026-03-31T12:21:37.201032,BENIGN
2026-03-31T12:21:37.201781,BENIGN
2026-03-31T12:21:37.222921,BENIGN
2026-03-31T12:21:37.234307,BENIGN
2026-03-31T12:21:37.235584,BENIGN
2026-03-31T12:21:37.280122,BENIGN
2026-03-31T12:21:37.319577,BENIGN
2026-03-31T12:21:44.480258,BENIGN
2026-03-31T12:21:44.482117,BENIGN
2026-03-31T12:21:44.483401,BENIGN
2026-03-31T12:21:44.529407,BENIGN
2026-03-31T12:21:44.530740,BENIGN
2026-03-31T12:21:47.322133,BENIGN
2026-03-31T12:21:47.324305,BENIGN
2026-03-31T12:21:47.325206,BENIGN
2026-03-31T12:21:47.348984,BENIGN
2026-03-31T12:21:47.350558,BENIGN
2026-03-31T12:21:49.501664,BENIGN
2026-03-31T12:21:49.503633,BENIGN
2026-03-31T12:21:49.505248,BENIGN
2026-03-31T12:21:49.567980,BENIGN
2026-03-31T12:21:49.569419,BENIGN
2026-03-31T12:21:49.570475,BENIGN
2026-03-31T12:21:49.571262,BENIGN
2026-03-31T12:21:49.578985,BENIGN
2026-03-31T12:21:49.580642,BENIGN
2026-03-31T12:21:49.620306,BENIGN
2026-03-31T12:21:49.621825,BENIGN
2026-03-31T12:21:49.623356,BENIGN
2026-03-31T12:21:49.624605,BENIGN
2026-03-31T12:21:49.625517,BENIGN
2026-03-31T12:21:49.626522,BENIGN
2026-03-31T12:21:49.627341,BENIGN
2026-03-31T12:21:49.628177,BENIGN
2026-03-31T12:21:49.628920,BENIGN
2026-03-31T12:21:49.629840,BENIGN
2026-03-31T12:21:49.630706,BENIGN
2026-03-31T12:21:49.631394,BENIGN
2026-03-31T12:21:49.632033,BENIGN
2026-03-31T12:21:49.632831,BENIGN
2026-03-31T12:21:49.636900,BENIGN
2026-03-31T12:21:49.637691,BENIGN
2026-03-31T12:21:49.653310,BENIGN
2026-03-31T12:21:49.658844,BENIGN
2026-03-31T12:21:49.659861,BENIGN
2026-03-31T12:21:49.661014,BENIGN
2026-03-31T12:21:49.707872,BENIGN
2026-03-31T12:21:49.710968,BENIGN
2026-03-31T12:21:49.713618,BENIGN
2026-03-31T12:21:49.716576,BENIGN
2026-03-31T12:21:49.718935,BENIGN
2026-03-31T12:21:49.720789,BENIGN
2026-03-31T12:21:49.722140,BENIGN
2026-03-31T12:21:49.723127,BENIGN
2026-03-31T12:21:49.724039,BENIGN
2026-03-31T12:21:49.725103,BENIGN
2026-03-31T12:21:49.793636,BENIGN
2026-03-31T12:21:49.796618,BENIGN
2026-03-31T12:21:49.798979,BENIGN
2026-03-31T12:21:49.800767,BENIGN
2026-03-31T12:21:49.803378,BENIGN
2026-03-31T12:21:49.805681,BENIGN
2026-03-31T12:21:49.840935,BENIGN
2026-03-31T12:21:49.843972,BENIGN
2026-03-31T12:21:49.846501,BENIGN
2026-03-31T12:21:49.850656,BENIGN
2026-03-31T12:21:49.880114,BENIGN
2026-03-31T12:21:49.895619,BENIGN
2026-03-31T12:21:49.898841,BENIGN
2026-03-31T12:21:49.902625,BENIGN
2026-03-31T12:21:49.905863,BENIGN
2026-03-31T12:21:49.909147,BENIGN
2026-03-31T12:21:49.911666,BENIGN
2026-03-31T12:21:49.964879,BENIGN
2026-03-31T12:21:50.220824,BENIGN
2026-03-31T12:21:50.223420,BENIGN
2026-03-31T12:21:50.308666,BENIGN
2026-03-31T12:21:50.498439,BENIGN
2026-03-31T12:21:50.500217,BENIGN
2026-03-31T12:21:50.501762,BENIGN
2026-03-31T12:21:50.503054,BENIGN
2026-03-31T12:21:50.504267,BENIGN
2026-03-31T12:21:50.539552,BENIGN
2026-03-31T12:21:50.564346,BENIGN
2026-03-31T12:21:50.566636,BENIGN
2026-03-31T12:21:50.568442,BENIGN
2026-03-31T12:21:50.597088,BENIGN
2026-03-31T12:21:50.598468,BENIGN
2026-03-31T12:21:50.603785,BENIGN
2026-03-31T12:21:50.606157,BENIGN
2026-03-31T12:22:00.532196,BENIGN
2026-03-31T12:22:00.533397,BENIGN
2026-03-31T12:22:00.534886,BENIGN
2026-03-31T12:22:00.557129,BENIGN
2026-03-31T12:22:00.558967,BENIGN
2026-03-31T12:22:09.749511,BENIGN
2026-03-31T12:22:09.750507,BENIGN
2026-03-31T12:22:09.779745,BENIGN
2026-03-31T12:22:09.781372,BENIGN
2026-03-31T12:22:09.782322,BENIGN
2026-03-31T12:22:09.783337,BENIGN
2026-03-31T12:22:09.784610,BENIGN
2026-03-31T12:22:09.788418,BENIGN
2026-03-31T12:22:09.789595,BENIGN
2026-03-31T12:22:09.791117,BENIGN
2026-03-31T12:22:09.791794,BENIGN
2026-03-31T12:22:09.801556,BENIGN
2026-03-31T12:22:09.803155,BENIGN
2026-03-31T12:22:09.804571,BENIGN
2026-03-31T12:22:09.806437,BENIGN
2026-03-31T12:22:09.807520,BENIGN
2026-03-31T12:22:09.808304,BENIGN
2026-03-31T12:22:09.810990,BENIGN
2026-03-31T12:22:09.811978,BENIGN
2026-03-31T12:22:09.812686,BENIGN
2026-03-31T12:22:09.813395,BENIGN
2026-03-31T12:22:09.814144,BENIGN
2026-03-31T12:22:09.843754,BENIGN
2026-03-31T12:22:09.845304,BENIGN
2026-03-31T12:22:09.846973,BENIGN
2026-03-31T12:22:09.851713,BENIGN
2026-03-31T12:22:09.853044,BENIGN
2026-03-31T12:22:09.854197,BENIGN
2026-03-31T12:22:09.857522,BENIGN
2026-03-31T12:22:09.858545,BENIGN
2026-03-31T12:22:09.891450,BENIGN
2026-03-31T12:22:09.892671,BENIGN
2026-03-31T12:22:09.893810,BENIGN
2026-03-31T12:22:09.894749,BENIGN
2026-03-31T12:22:09.895569,BENIGN
2026-03-31T12:22:09.898114,BENIGN
2026-03-31T12:22:09.899714,BENIGN
2026-03-31T12:22:09.900779,BENIGN
2026-03-31T12:22:09.901580,BENIGN
2026-03-31T12:22:09.902331,BENIGN
2026-03-31T12:22:09.903016,BENIGN
2026-03-31T12:22:09.918932,BENIGN
2026-03-31T12:22:09.945142,BENIGN
2026-03-31T12:22:09.946481,BENIGN
2026-03-31T12:22:09.954374,BENIGN
2026-03-31T12:22:09.955496,BENIGN
2026-03-31T12:22:09.956750,BENIGN
2026-03-31T12:22:09.957597,BENIGN
2026-03-31T12:22:09.958344,BENIGN
2026-03-31T12:22:09.958999,BENIGN
2026-03-31T12:22:09.959779,BENIGN
2026-03-31T12:22:09.960525,BENIGN
2026-03-31T12:22:09.961236,BENIGN
2026-03-31T12:22:09.961927,BENIGN
2026-03-31T12:22:09.998527,BENIGN
2026-03-31T12:22:10.006764,BENIGN
2026-03-31T12:22:10.008122,BENIGN
2026-03-31T12:22:10.009005,BENIGN
2026-03-31T12:22:10.009665,BENIGN
2026-03-31T12:22:10.018297,BENIGN
2026-03-31T12:22:10.048043,BENIGN
2026-03-31T12:22:10.363067,BENIGN
2026-03-31T12:22:10.366192,BENIGN
2026-03-31T12:22:10.368775,BENIGN
2026-03-31T12:22:10.371372,BENIGN
2026-03-31T12:22:10.374354,BENIGN
2026-03-31T12:22:10.376793,BENIGN
2026-03-31T12:22:10.378929,BENIGN
2026-03-31T12:22:10.410575,BENIGN
2026-03-31T12:22:19.958004,BENIGN
2026-03-31T12:22:19.959837,BENIGN
2026-03-31T12:22:19.961332,BENIGN
2026-03-31T12:22:19.990111,BENIGN
2026-03-31T12:22:19.991403,BENIGN
2026-03-31T12:22:47.983184,BENIGN
2026-03-31T12:22:48.051020,BENIGN
2026-03-31T12:22:48.052388,BENIGN
2026-03-31T12:22:48.091529,BENIGN
2026-03-31T12:23:09.300606,BENIGN
2026-03-31T12:23:09.393834,BENIGN
2026-03-31T12:23:09.396587,BENIGN
2026-03-31T12:23:09.434602,BENIGN
2026-03-31T12:23:10.722649,BENIGN
2026-03-31T12:23:10.724091,BENIGN
2026-03-31T12:23:10.725061,BENIGN
2026-03-31T12:23:10.763747,BENIGN
2026-03-31T12:23:10.765290,BENIGN
2026-03-31T12:23:10.766634,BENIGN
2026-03-31T12:23:10.767838,BENIGN
2026-03-31T12:23:10.769371,BENIGN
2026-03-31T12:23:10.795905,BENIGN
2026-03-31T12:23:10.797096,BENIGN
2026-03-31T12:23:10.798149,BENIGN
2026-03-31T12:23:10.799223,BENIGN
2026-03-31T12:23:10.800350,BENIGN
2026-03-31T12:23:10.801158,BENIGN
2026-03-31T12:23:10.801835,BENIGN
2026-03-31T12:23:10.802552,BENIGN
2026-03-31T12:23:10.803484,BENIGN
2026-03-31T12:23:10.804216,BENIGN
2026-03-31T12:23:10.807219,BENIGN
2026-03-31T12:23:10.849793,BENIGN
2026-03-31T12:23:10.851977,BENIGN
2026-03-31T12:23:10.853382,BENIGN
2026-03-31T12:23:10.855306,BENIGN
2026-03-31T12:23:20.823813,BENIGN
2026-03-31T12:23:20.825505,BENIGN
2026-03-31T12:23:20.876772,BENIGN
2026-03-31T12:23:20.878072,BENIGN
2026-03-31T12:23:22.593826,BENIGN
2026-03-31T12:23:22.595304,BENIGN
2026-03-31T12:23:22.596805,BENIGN
2026-03-31T12:23:22.676770,BENIGN
2026-03-31T12:23:22.678189,BENIGN
2026-03-31T12:23:22.679383,BENIGN
2026-03-31T12:23:22.680351,BENIGN
2026-03-31T12:23:23.020035,BENIGN
2026-03-31T12:23:23.021319,BENIGN
2026-03-31T12:23:23.022540,BENIGN
2026-03-31T12:23:23.023686,BENIGN
2026-03-31T12:23:23.024426,BENIGN
2026-03-31T12:23:23.025213,BENIGN
2026-03-31T12:23:23.026297,BENIGN
2026-03-31T12:23:23.027330,BENIGN
2026-03-31T12:23:23.028034,BENIGN
2026-03-31T12:23:23.107560,BENIGN
2026-03-31T12:23:23.108874,BENIGN
2026-03-31T12:23:23.109668,BENIGN
2026-03-31T12:23:23.478239,BENIGN
2026-03-31T12:23:23.479908,BENIGN
2026-03-31T12:23:23.481373,BENIGN
2026-03-31T12:23:23.483025,BENIGN
2026-03-31T12:23:23.483842,BENIGN
2026-03-31T12:23:23.484614,BENIGN
2026-03-31T12:23:23.485478,BENIGN
2026-03-31T12:23:23.486946,BENIGN
2026-03-31T12:23:23.535429,BENIGN
2026-03-31T12:23:23.537220,BENIGN
2026-03-31T12:23:23.538292,BENIGN
2026-03-31T12:23:23.539257,BENIGN
2026-03-31T12:23:23.540347,BENIGN
2026-03-31T12:23:23.541130,BENIGN
2026-03-31T12:23:23.541940,BENIGN
2026-03-31T12:23:23.824063,BENIGN
2026-03-31T12:23:23.825417,BENIGN
2026-03-31T12:23:23.826486,BENIGN
2026-03-31T12:23:23.827193,BENIGN
2026-03-31T12:23:23.827868,BENIGN
2026-03-31T12:23:23.828658,BENIGN
2026-03-31T12:23:23.829748,BENIGN
2026-03-31T12:23:23.877149,BENIGN
2026-03-31T12:23:44.739632,BENIGN
2026-03-31T12:23:44.740941,BENIGN
2026-03-31T12:23:44.742166,BENIGN
2026-03-31T12:23:44.768084,BENIGN
2026-03-31T12:23:44.769506,BENIGN
2026-03-31T12:23:44.770537,BENIGN
2026-03-31T12:23:44.771422,BENIGN
2026-03-31T12:23:44.781963,BENIGN
2026-03-31T12:23:44.784190,BENIGN
2026-03-31T12:23:44.797124,BENIGN
2026-03-31T12:23:44.798571,BENIGN
2026-03-31T12:23:44.799655,BENIGN
2026-03-31T12:23:44.801024,BENIGN
2026-03-31T12:23:44.802149,BENIGN
2026-03-31T12:23:44.803418,BENIGN
2026-03-31T12:23:44.804459,BENIGN
2026-03-31T12:23:44.805703,BENIGN
2026-03-31T12:23:44.806907,BENIGN
2026-03-31T12:23:44.807750,BENIGN
2026-03-31T12:23:44.808511,BENIGN
2026-03-31T12:23:44.836213,BENIGN
2026-03-31T12:23:44.837859,BENIGN
2026-03-31T12:23:44.839015,BENIGN
2026-03-31T12:23:44.840509,BENIGN
2026-03-31T12:23:44.870046,BENIGN
2026-03-31T12:23:44.874750,BENIGN
2026-03-31T12:23:44.876164,BENIGN
2026-03-31T12:23:44.877063,BENIGN
2026-03-31T12:23:44.877872,BENIGN
2026-03-31T12:23:44.878562,BENIGN
2026-03-31T12:23:44.879356,BENIGN
2026-03-31T12:23:44.880066,BENIGN
2026-03-31T12:23:44.901543,BENIGN
2026-03-31T12:23:44.903039,BENIGN
2026-03-31T12:23:44.927691,BENIGN
2026-03-31T12:23:44.929327,BENIGN
2026-03-31T12:23:44.930366,BENIGN
2026-03-31T12:23:44.931497,BENIGN
2026-03-31T12:23:44.932783,BENIGN
2026-03-31T12:23:44.959586,BENIGN
2026-03-31T12:23:44.970599,BENIGN
2026-03-31T12:23:44.971850,BENIGN
2026-03-31T12:23:44.985832,BENIGN
2026-03-31T12:23:44.992498,BENIGN
2026-03-31T12:23:45.010629,BENIGN
2026-03-31T12:23:45.032920,BENIGN
2026-03-31T12:23:45.051956,BENIGN
2026-03-31T12:23:45.053820,BENIGN
2026-03-31T12:23:45.137210,BENIGN
2026-03-31T12:23:45.138779,BENIGN
2026-03-31T12:23:45.179543,BENIGN
2026-03-31T12:23:45.632220,BENIGN
2026-03-31T12:23:45.634919,BENIGN
2026-03-31T12:23:45.636682,BENIGN
2026-03-31T12:23:45.685855,BENIGN
2026-03-31T12:23:45.897440,BENIGN
2026-03-31T12:23:45.899212,BENIGN
2026-03-31T12:23:45.952393,BENIGN
2026-03-31T12:23:46.357868,BENIGN
2026-03-31T12:23:46.359367,BENIGN
2026-03-31T12:23:46.360506,BENIGN
2026-03-31T12:23:46.361749,BENIGN
2026-03-31T12:23:46.385820,BENIGN
2026-03-31T12:23:46.386996,BENIGN
2026-03-31T12:23:46.405079,BENIGN
2026-03-31T12:23:46.590397,BENIGN
2026-03-31T12:23:46.618298,BENIGN
2026-03-31T12:23:46.619858,BENIGN
2026-03-31T12:23:46.621270,BENIGN
2026-03-31T12:23:46.639514,BENIGN
2026-03-31T12:23:46.641453,BENIGN
2026-03-31T12:23:46.666635,BENIGN
2026-03-31T12:23:46.992563,BENIGN
2026-03-31T12:23:46.994190,BENIGN
2026-03-31T12:23:46.996874,BENIGN
2026-03-31T12:23:46.998322,BENIGN
2026-03-31T12:23:47.016684,BENIGN
2026-03-31T12:23:47.017858,BENIGN
2026-03-31T12:23:47.041884,BENIGN
2026-03-31T12:23:47.259335,BENIGN
2026-03-31T12:23:47.260603,BENIGN
2026-03-31T12:23:47.261865,BENIGN
2026-03-31T12:23:47.306643,BENIGN
2026-03-31T12:23:47.542884,BENIGN
2026-03-31T12:23:47.544640,BENIGN
2026-03-31T12:23:47.546008,BENIGN
2026-03-31T12:23:54.989545,BENIGN
2026-03-31T12:23:54.990924,BENIGN
2026-03-31T12:23:54.992068,BENIGN
2026-03-31T12:23:55.016956,BENIGN
2026-03-31T12:23:55.018686,BENIGN
2026-03-31T12:24:17.546764,BENIGN
2026-03-31T12:24:17.547922,BENIGN
2026-03-31T12:24:17.602531,BENIGN
2026-03-31T12:24:17.604023,BENIGN
2026-03-31T12:24:17.605083,BENIGN
2026-03-31T12:24:17.605839,BENIGN
2026-03-31T12:24:19.635404,BENIGN
2026-03-31T12:24:19.637204,BENIGN
2026-03-31T12:24:19.661090,BENIGN
2026-03-31T12:24:19.662676,BENIGN
2026-03-31T12:24:19.663966,BENIGN
2026-03-31T12:24:19.665178,BENIGN
2026-03-31T12:24:19.688531,BENIGN
2026-03-31T12:24:19.695346,BENIGN
2026-03-31T12:24:19.697357,BENIGN
2026-03-31T12:24:19.698800,BENIGN
2026-03-31T12:24:19.699908,BENIGN
2026-03-31T12:24:19.701033,BENIGN
2026-03-31T12:24:19.702184,BENIGN
2026-03-31T12:24:19.703661,BENIGN
2026-03-31T12:24:19.704681,BENIGN
2026-03-31T12:24:19.705754,BENIGN
2026-03-31T12:24:19.718694,BENIGN
2026-03-31T12:24:19.750165,BENIGN
2026-03-31T12:24:19.790902,BENIGN
2026-03-31T12:24:21.953498,BENIGN
2026-03-31T12:24:22.002002,BENIGN
2026-03-31T12:24:22.003403,BENIGN
2026-03-31T12:24:22.042847,BENIGN
2026-03-31T12:24:29.739383,BENIGN
2026-03-31T12:24:29.740503,BENIGN
2026-03-31T12:24:29.743058,BENIGN
2026-03-31T12:24:29.792046,BENIGN
2026-03-31T12:24:29.793328,BENIGN
2026-03-31T12:24:40.529245,BENIGN
2026-03-31T12:24:40.531375,BENIGN
2026-03-31T12:24:40.576458,BENIGN
2026-03-31T12:24:40.579783,BENIGN
2026-03-31T12:24:40.580801,BENIGN
2026-03-31T12:25:20.730813,BENIGN
2026-03-31T12:25:20.782256,BENIGN
2026-03-31T12:25:20.783600,BENIGN
2026-03-31T12:26:11.417441,BENIGN
2026-03-31T12:26:11.419087,BENIGN
2026-03-31T12:26:11.420232,BENIGN
2026-03-31T12:26:11.461882,BENIGN
2026-03-31T12:26:11.464538,BENIGN
2026-03-31T12:26:11.466632,BENIGN
2026-03-31T12:26:11.468770,BENIGN
2026-03-31T12:26:11.470627,BENIGN
2026-03-31T12:26:11.512924,BENIGN
2026-03-31T12:26:11.516538,BENIGN
2026-03-31T12:26:11.520496,BENIGN
2026-03-31T12:26:11.524013,BENIGN
2026-03-31T12:26:11.527138,BENIGN
2026-03-31T12:26:11.529970,BENIGN
2026-03-31T12:26:11.532930,BENIGN
2026-03-31T12:26:11.535234,BENIGN
2026-03-31T12:26:11.538084,BENIGN
2026-03-31T12:26:11.540100,BENIGN
2026-03-31T12:26:11.542062,BENIGN
2026-03-31T12:26:11.543443,BENIGN
2026-03-31T12:26:11.544742,BENIGN
2026-03-31T12:26:11.547611,BENIGN
2026-03-31T12:26:11.576811,BENIGN
2026-03-31T12:26:11.578063,BENIGN
2026-03-31T12:26:11.579203,BENIGN
2026-03-31T12:26:11.580062,BENIGN
2026-03-31T12:26:11.624046,BENIGN
2026-03-31T12:26:11.642776,BENIGN
2026-03-31T12:26:11.645805,BENIGN
2026-03-31T12:26:11.649285,BENIGN
2026-03-31T12:26:11.723766,BENIGN
2026-03-31T12:26:11.763708,BENIGN
2026-03-31T12:26:14.676329,BENIGN
2026-03-31T12:26:14.678753,BENIGN
2026-03-31T12:26:14.739982,BENIGN
2026-03-31T12:26:14.743133,BENIGN
2026-03-31T12:26:14.746032,BENIGN
2026-03-31T12:26:21.722348,BENIGN
2026-03-31T12:26:21.724680,BENIGN
2026-03-31T12:26:21.727036,BENIGN
2026-03-31T12:26:21.758243,BENIGN
2026-03-31T12:26:21.761325,BENIGN
2026-03-31T12:26:50.489176,BENIGN
2026-03-31T12:26:50.491912,BENIGN
2026-03-31T12:26:50.496394,BENIGN
2026-03-31T12:26:50.536918,BENIGN
2026-03-31T12:27:57.047470,BENIGN
2026-03-31T12:27:57.048650,BENIGN
2026-03-31T12:27:57.049753,BENIGN
2026-03-31T12:27:57.074437,BENIGN
2026-03-31T12:27:57.076190,BENIGN
2026-03-31T12:27:57.077742,BENIGN
2026-03-31T12:27:57.089325,BENIGN
2026-03-31T12:27:57.091198,BENIGN
2026-03-31T12:27:57.114608,BENIGN
2026-03-31T12:27:57.116348,BENIGN
2026-03-31T12:27:57.117851,BENIGN
2026-03-31T12:27:57.119175,BENIGN
2026-03-31T12:27:57.119960,BENIGN
2026-03-31T12:27:57.120792,BENIGN
2026-03-31T12:27:57.121994,BENIGN
2026-03-31T12:27:57.122819,BENIGN
2026-03-31T12:27:57.124141,BENIGN
2026-03-31T12:27:57.138188,BENIGN
2026-03-31T12:27:57.190648,BENIGN
2026-03-31T12:27:57.192457,BENIGN
2026-03-31T12:27:57.193649,BENIGN
2026-03-31T12:27:57.194840,BENIGN
2026-03-31T12:27:57.254896,BENIGN
2026-03-31T12:27:57.295171,BENIGN
2026-03-31T12:28:05.226103,BENIGN
2026-03-31T12:28:05.227693,BENIGN
2026-03-31T12:28:05.228808,BENIGN
2026-03-31T12:28:05.229824,BENIGN
2026-03-31T12:28:05.255646,BENIGN
2026-03-31T12:28:05.261793,BENIGN
2026-03-31T12:28:05.262933,BENIGN
2026-03-31T12:28:05.263965,BENIGN
2026-03-31T12:28:05.265067,BENIGN
2026-03-31T12:28:05.266344,BENIGN
2026-03-31T12:28:05.269163,BENIGN
2026-03-31T12:28:05.307902,BENIGN
2026-03-31T12:28:05.309312,BENIGN
2026-03-31T12:28:05.348854,BENIGN
2026-03-31T12:28:15.227835,BENIGN
2026-03-31T12:28:15.229527,BENIGN
2026-03-31T12:28:15.230672,BENIGN
2026-03-31T12:28:15.232043,BENIGN
2026-03-31T12:28:15.270206,BENIGN
2026-03-31T12:28:15.271870,BENIGN
2026-03-31T12:28:15.273144,BENIGN
2026-03-31T12:28:15.274961,BENIGN
2026-03-31T12:28:15.276223,BENIGN
2026-03-31T12:28:15.277518,BENIGN
2026-03-31T12:28:15.278540,BENIGN
2026-03-31T12:28:15.279383,BENIGN
2026-03-31T12:28:15.291662,BENIGN
2026-03-31T12:28:15.298846,BENIGN
2026-03-31T12:28:15.300425,BENIGN
2026-03-31T12:28:15.332583,BENIGN
2026-03-31T12:28:15.341669,BENIGN
2026-03-31T12:28:15.342970,BENIGN
2026-03-31T12:28:15.344139,BENIGN
2026-03-31T12:28:15.344854,BENIGN
2026-03-31T12:28:15.345908,BENIGN
2026-03-31T12:28:15.347564,BENIGN
2026-03-31T12:28:15.349550,BENIGN
2026-03-31T12:28:15.350497,BENIGN
2026-03-31T12:28:15.370920,BENIGN
2026-03-31T12:28:15.372447,BENIGN
2026-03-31T12:28:15.373634,BENIGN
2026-03-31T12:28:15.409534,BENIGN
2026-03-31T12:28:15.450634,BENIGN
2026-03-31T12:28:25.390264,BENIGN
2026-03-31T12:28:25.391794,BENIGN
2026-03-31T12:28:25.392852,BENIGN
2026-03-31T12:28:25.417764,BENIGN
2026-03-31T12:28:25.419311,BENIGN
2026-03-31T12:28:26.689578,BENIGN
2026-03-31T12:28:26.691232,BENIGN
2026-03-31T12:28:26.692139,BENIGN
2026-03-31T12:28:26.714480,BENIGN
2026-03-31T12:28:26.716077,BENIGN
2026-03-31T12:28:26.717605,BENIGN
2026-03-31T12:28:26.724382,BENIGN
2026-03-31T12:28:26.730825,BENIGN
2026-03-31T12:28:26.749999,BENIGN
2026-03-31T12:28:26.751820,BENIGN
2026-03-31T12:28:26.753230,BENIGN
2026-03-31T12:28:26.754257,BENIGN
2026-03-31T12:28:26.755807,BENIGN
2026-03-31T12:28:26.756624,BENIGN
2026-03-31T12:28:26.757495,BENIGN
2026-03-31T12:28:26.786462,BENIGN
2026-03-31T12:28:26.787623,BENIGN
2026-03-31T12:28:26.805684,BENIGN
2026-03-31T12:28:26.807936,BENIGN
2026-03-31T12:28:26.809755,BENIGN
2026-03-31T12:28:26.810737,BENIGN
2026-03-31T12:28:26.836545,BENIGN
2026-03-31T12:28:26.837754,BENIGN
2026-03-31T12:28:26.899871,BENIGN
2026-03-31T12:28:27.109040,BENIGN
2026-03-31T12:28:27.150644,BENIGN
2026-03-31T12:28:36.914948,BENIGN
2026-03-31T12:28:36.916424,BENIGN
2026-03-31T12:28:36.917757,BENIGN
2026-03-31T12:28:36.966033,BENIGN
2026-03-31T12:28:36.967542,BENIGN
2026-03-31T12:28:41.579944,BENIGN
2026-03-31T12:28:41.581443,BENIGN
2026-03-31T12:28:41.582406,BENIGN
2026-03-31T12:28:41.618259,BENIGN
2026-03-31T12:28:41.619872,BENIGN
2026-03-31T12:28:41.620828,BENIGN
2026-03-31T12:28:41.621527,BENIGN
2026-03-31T12:28:41.622385,BENIGN
2026-03-31T12:28:41.639349,BENIGN
2026-03-31T12:28:41.640847,BENIGN
2026-03-31T12:28:41.642270,BENIGN
2026-03-31T12:28:41.643926,BENIGN
2026-03-31T12:28:41.646310,BENIGN
2026-03-31T12:28:41.647958,BENIGN
2026-03-31T12:28:41.649556,BENIGN
2026-03-31T12:28:41.650980,BENIGN
2026-03-31T12:28:41.652178,BENIGN
2026-03-31T12:28:41.653048,BENIGN
2026-03-31T12:28:41.654399,BENIGN
2026-03-31T12:28:41.672841,BENIGN
2026-03-31T12:28:41.675194,BENIGN
2026-03-31T12:28:41.694806,BENIGN
2026-03-31T12:28:41.695996,BENIGN
2026-03-31T12:28:51.796552,BENIGN
2026-03-31T12:28:51.797852,BENIGN
2026-03-31T12:28:51.824629,BENIGN
2026-03-31T12:28:51.826292,BENIGN
2026-03-31T12:30:03.028417,BENIGN
2026-03-31T12:30:03.029602,BENIGN
2026-03-31T12:30:03.031050,BENIGN
2026-03-31T12:30:03.064493,BENIGN
2026-03-31T12:30:03.066688,BENIGN
2026-03-31T12:30:03.068577,BENIGN
2026-03-31T12:30:03.070042,BENIGN
2026-03-31T12:30:03.074711,BENIGN
2026-03-31T12:30:03.075756,BENIGN
2026-03-31T12:30:03.077118,BENIGN
2026-03-31T12:30:03.088210,BENIGN
2026-03-31T12:30:03.089520,BENIGN
2026-03-31T12:30:03.090851,BENIGN
2026-03-31T12:30:03.091984,BENIGN
2026-03-31T12:30:03.092764,BENIGN
2026-03-31T12:30:03.093435,BENIGN
2026-03-31T12:30:03.094130,BENIGN
2026-03-31T12:30:03.094800,BENIGN
2026-03-31T12:30:03.095545,BENIGN
2026-03-31T12:30:03.097093,BENIGN
2026-03-31T12:30:03.131210,BENIGN
2026-03-31T12:30:03.132428,BENIGN
2026-03-31T12:30:03.139006,BENIGN
2026-03-31T12:30:03.140603,BENIGN
2026-03-31T12:30:03.141831,BENIGN
2026-03-31T12:30:03.142863,BENIGN
2026-03-31T12:30:03.144040,BENIGN
2026-03-31T12:30:03.145144,BENIGN
2026-03-31T12:30:03.195642,BENIGN
2026-03-31T12:30:03.197870,BENIGN
2026-03-31T12:30:03.199866,BENIGN
2026-03-31T12:30:03.201190,BENIGN
2026-03-31T12:30:03.202352,BENIGN
2026-03-31T12:30:03.239643,BENIGN
2026-03-31T12:30:03.246434,BENIGN
2026-03-31T12:30:03.248035,BENIGN
2026-03-31T12:30:03.249412,BENIGN
2026-03-31T12:30:03.318447,BENIGN
2026-03-31T12:30:03.342734,BENIGN
2026-03-31T12:30:03.383748,BENIGN
2026-03-31T12:30:03.506142,BENIGN
2026-03-31T12:30:03.507635,BENIGN
2026-03-31T12:30:03.509128,BENIGN
2026-03-31T12:30:03.510102,BENIGN
2026-03-31T12:30:03.511198,BENIGN
2026-03-31T12:30:03.512383,BENIGN
2026-03-31T12:30:03.514299,BENIGN
2026-03-31T12:30:03.515356,BENIGN
2026-03-31T12:30:03.516639,BENIGN
2026-03-31T12:30:03.569417,BENIGN
2026-03-31T12:30:03.570994,BENIGN
2026-03-31T12:30:03.572372,BENIGN
2026-03-31T12:30:03.957916,BENIGN
2026-03-31T12:30:03.959577,BENIGN
2026-03-31T12:30:03.961104,BENIGN
2026-03-31T12:30:03.962080,BENIGN
2026-03-31T12:30:03.963043,BENIGN
2026-03-31T12:30:03.965993,BENIGN
2026-03-31T12:30:03.967210,BENIGN
2026-03-31T12:30:03.968418,BENIGN
2026-03-31T12:30:03.969565,BENIGN
2026-03-31T12:30:04.017870,BENIGN
2026-03-31T12:30:04.019356,BENIGN
2026-03-31T12:30:04.020287,BENIGN
2026-03-31T12:30:04.021019,BENIGN
2026-03-31T12:30:04.021703,BENIGN
2026-03-31T12:30:04.318924,BENIGN
2026-03-31T12:30:04.320550,BENIGN
2026-03-31T12:30:04.322090,BENIGN
2026-03-31T12:30:04.323317,BENIGN
2026-03-31T12:30:04.324411,BENIGN
2026-03-31T12:30:04.365764,BENIGN
2026-03-31T12:30:13.275669,BENIGN
2026-03-31T12:30:13.276972,BENIGN
2026-03-31T12:30:13.278120,BENIGN
2026-03-31T12:30:13.295654,BENIGN
2026-03-31T12:30:13.296805,BENIGN
2026-03-31T12:31:03.469980,BENIGN
2026-03-31T12:31:03.521065,BENIGN
2026-03-31T12:31:03.524120,BENIGN
2026-03-31T12:31:03.561566,BENIGN
2026-03-31T12:31:50.835147,BENIGN
2026-03-31T12:31:50.838050,BENIGN
2026-03-31T12:31:50.878173,BENIGN
2026-03-31T12:32:01.559910,BENIGN
2026-03-31T12:32:01.642179,BENIGN
2026-03-31T12:32:01.643630,BENIGN
2026-03-31T12:32:54.459248,BENIGN
2026-03-31T12:32:54.460887,BENIGN
2026-03-31T12:32:54.506396,BENIGN
2026-03-31T12:32:54.507637,BENIGN
2026-03-31T12:32:54.508659,BENIGN
2026-03-31T12:34:50.642257,BENIGN
2026-03-31T12:34:50.644001,BENIGN
2026-03-31T12:34:50.645425,BENIGN
2026-03-31T12:34:50.670394,BENIGN
2026-03-31T12:34:50.672337,BENIGN
2026-03-31T12:34:50.673910,BENIGN
2026-03-31T12:34:50.686711,BENIGN
2026-03-31T12:34:50.688508,BENIGN
2026-03-31T12:34:50.719389,BENIGN
2026-03-31T12:34:50.720806,BENIGN
2026-03-31T12:34:50.722147,BENIGN
2026-03-31T12:34:50.723636,BENIGN
2026-03-31T12:34:50.725026,BENIGN
2026-03-31T12:34:50.726085,BENIGN
2026-03-31T12:34:50.727136,BENIGN
2026-03-31T12:34:50.728147,BENIGN
2026-03-31T12:34:50.729185,BENIGN
2026-03-31T12:34:50.730315,BENIGN
2026-03-31T12:34:50.731525,BENIGN
2026-03-31T12:34:50.744038,BENIGN
2026-03-31T12:34:50.745557,BENIGN
2026-03-31T12:34:50.754140,BENIGN
2026-03-31T12:34:50.755671,BENIGN
2026-03-31T12:34:50.756598,BENIGN
2026-03-31T12:34:50.772182,BENIGN
2026-03-31T12:34:50.774042,BENIGN
2026-03-31T12:35:00.765131,BENIGN
2026-03-31T12:35:00.767912,BENIGN
2026-03-31T12:35:00.769051,BENIGN
2026-03-31T12:35:00.791265,BENIGN
2026-03-31T12:35:00.794627,BENIGN
2026-03-31T12:35:43.504250,BENIGN
2026-03-31T12:35:43.505989,BENIGN
2026-03-31T12:35:43.507150,BENIGN
2026-03-31T12:35:43.531130,BENIGN
2026-03-31T12:35:43.532605,BENIGN
2026-03-31T12:35:43.534091,BENIGN
2026-03-31T12:35:43.535216,BENIGN
2026-03-31T12:35:43.538211,BENIGN
2026-03-31T12:35:43.576707,BENIGN
2026-03-31T12:35:43.577861,BENIGN
2026-03-31T12:35:43.578949,BENIGN
2026-03-31T12:35:43.579774,BENIGN
2026-03-31T12:35:43.580589,BENIGN
2026-03-31T12:35:43.581349,BENIGN
2026-03-31T12:35:43.582060,BENIGN
2026-03-31T12:35:43.582805,BENIGN
2026-03-31T12:35:43.583770,BENIGN
2026-03-31T12:35:43.585058,BENIGN
2026-03-31T12:35:43.586807,BENIGN
2026-03-31T12:35:43.587661,BENIGN
2026-03-31T12:35:43.588391,BENIGN
2026-03-31T12:35:43.633806,BENIGN
2026-03-31T12:35:43.635179,BENIGN
2026-03-31T12:35:43.636454,BENIGN
2026-03-31T12:35:43.637785,BENIGN
2026-03-31T12:35:43.639061,BENIGN
2026-03-31T12:35:43.639935,BENIGN
2026-03-31T12:35:43.640818,BENIGN
2026-03-31T12:35:53.626632,BENIGN
2026-03-31T12:35:53.628214,BENIGN
2026-03-31T12:35:53.629774,BENIGN
2026-03-31T12:35:53.644617,BENIGN
2026-03-31T12:35:53.646308,BENIGN
2026-03-31T12:36:51.159724,BENIGN
2026-03-31T12:36:51.161093,BENIGN
2026-03-31T12:36:51.201552,BENIGN
2026-03-31T12:36:58.136406,BENIGN
2026-03-31T12:36:58.137450,BENIGN
2026-03-31T12:36:58.138392,BENIGN
2026-03-31T12:36:58.161477,BENIGN
2026-03-31T12:36:58.162794,BENIGN
2026-03-31T12:36:58.163959,BENIGN
2026-03-31T12:36:58.165148,BENIGN
2026-03-31T12:36:58.185561,BENIGN
2026-03-31T12:36:58.187132,BENIGN
2026-03-31T12:36:58.188348,BENIGN
2026-03-31T12:36:58.189209,BENIGN
2026-03-31T12:36:58.189904,BENIGN
2026-03-31T12:36:58.190591,BENIGN
2026-03-31T12:36:58.191343,BENIGN
2026-03-31T12:36:58.192117,BENIGN
2026-03-31T12:36:58.192940,BENIGN
2026-03-31T12:36:58.194291,BENIGN
2026-03-31T12:36:58.195362,BENIGN
2026-03-31T12:36:58.196275,BENIGN
2026-03-31T12:36:58.197211,BENIGN
2026-03-31T12:36:58.220967,BENIGN
2026-03-31T12:36:58.224448,BENIGN
2026-03-31T12:36:58.226152,BENIGN
2026-03-31T12:36:58.243753,BENIGN
2026-03-31T12:36:58.245413,BENIGN
2026-03-31T12:36:58.247609,BENIGN
2026-03-31T12:36:58.248839,BENIGN
2026-03-31T12:36:58.250010,BENIGN
2026-03-31T12:36:58.251433,BENIGN
2026-03-31T12:36:58.252397,BENIGN
2026-03-31T12:36:58.270856,BENIGN
2026-03-31T12:36:58.291023,BENIGN
2026-03-31T12:36:58.292569,BENIGN
2026-03-31T12:36:58.294469,BENIGN
2026-03-31T12:36:58.295640,BENIGN
2026-03-31T12:36:58.312000,BENIGN
2026-03-31T12:36:58.336879,BENIGN
2026-03-31T12:36:58.341847,BENIGN
2026-03-31T12:36:58.592877,BENIGN
2026-03-31T12:36:58.594337,BENIGN
2026-03-31T12:36:58.595400,BENIGN
2026-03-31T12:36:58.596523,BENIGN
2026-03-31T12:36:58.597281,BENIGN
2026-03-31T12:36:58.598045,BENIGN
2026-03-31T12:36:58.598788,BENIGN
2026-03-31T12:36:58.599499,BENIGN
2026-03-31T12:36:58.600210,BENIGN
2026-03-31T12:36:58.647543,BENIGN
2026-03-31T12:36:58.649391,BENIGN
2026-03-31T12:36:58.650426,BENIGN
2026-03-31T12:36:58.898597,BENIGN
2026-03-31T12:36:58.899892,BENIGN
2026-03-31T12:36:58.901339,BENIGN
2026-03-31T12:36:58.902743,BENIGN
2026-03-31T12:36:58.904105,BENIGN
2026-03-31T12:36:58.942949,BENIGN
2026-03-31T12:37:08.260030,BENIGN
2026-03-31T12:37:08.261508,BENIGN
2026-03-31T12:37:08.262903,BENIGN
2026-03-31T12:37:08.296664,BENIGN
2026-03-31T12:37:08.298041,BENIGN
2026-03-31T12:37:57.270433,BENIGN
2026-03-31T12:37:57.317524,BENIGN
2026-03-31T12:37:57.320815,BENIGN
2026-03-31T12:37:57.362507,BENIGN
2026-03-31T12:37:58.556872,BENIGN
2026-03-31T12:37:58.558109,BENIGN
2026-03-31T12:37:58.559577,BENIGN
2026-03-31T12:37:58.585691,BENIGN
2026-03-31T12:37:58.586990,BENIGN
2026-03-31T12:37:58.588070,BENIGN
2026-03-31T12:37:58.592698,BENIGN
2026-03-31T12:37:58.607513,BENIGN
2026-03-31T12:37:58.612156,BENIGN
2026-03-31T12:37:58.613653,BENIGN
2026-03-31T12:37:58.615278,BENIGN
2026-03-31T12:37:58.616632,BENIGN
2026-03-31T12:37:58.617612,BENIGN
2026-03-31T12:37:58.618346,BENIGN
2026-03-31T12:37:58.619099,BENIGN
2026-03-31T12:37:58.619914,BENIGN
2026-03-31T12:37:58.620634,BENIGN
2026-03-31T12:37:58.637189,BENIGN
2026-03-31T12:37:58.638795,BENIGN
2026-03-31T12:37:58.639984,BENIGN
2026-03-31T12:37:58.640795,BENIGN
2026-03-31T12:37:58.641738,BENIGN
2026-03-31T12:37:58.753564,BENIGN
2026-03-31T12:37:58.755052,BENIGN
2026-03-31T12:37:58.854853,BENIGN
2026-03-31T12:37:58.896690,BENIGN
2026-03-31T12:38:08.823182,BENIGN
2026-03-31T12:38:08.824630,BENIGN
2026-03-31T12:38:08.825911,BENIGN
2026-03-31T12:38:08.846399,BENIGN
2026-03-31T12:38:08.848099,BENIGN
2026-03-31T12:38:55.796464,BENIGN
2026-03-31T12:38:55.841679,BENIGN
2026-03-31T12:38:55.844669,BENIGN
2026-03-31T12:39:48.992544,BENIGN
2026-03-31T12:39:48.994245,BENIGN
2026-03-31T12:39:49.077443,BENIGN
2026-03-31T12:39:49.079018,BENIGN
2026-03-31T12:39:49.080675,BENIGN
2026-03-31T12:41:11.541231,BENIGN
2026-03-31T12:41:11.542914,BENIGN
2026-03-31T12:41:11.544365,BENIGN
2026-03-31T12:41:11.580914,BENIGN
2026-03-31T12:41:11.582441,BENIGN
2026-03-31T12:41:11.583789,BENIGN
2026-03-31T12:41:11.584832,BENIGN
2026-03-31T12:41:11.586166,BENIGN
2026-03-31T12:41:11.602420,BENIGN
2026-03-31T12:41:11.603628,BENIGN
2026-03-31T12:41:11.605047,BENIGN
2026-03-31T12:41:11.606110,BENIGN
2026-03-31T12:41:11.608022,BENIGN
2026-03-31T12:41:11.609170,BENIGN
2026-03-31T12:41:11.610277,BENIGN
2026-03-31T12:41:11.611083,BENIGN
2026-03-31T12:41:11.611994,BENIGN
2026-03-31T12:41:11.612862,BENIGN
2026-03-31T12:41:11.614083,BENIGN
2026-03-31T12:41:11.637999,BENIGN
2026-03-31T12:41:11.639186,BENIGN
2026-03-31T12:41:11.641285,BENIGN
2026-03-31T12:41:11.663807,BENIGN
2026-03-31T12:41:11.665052,BENIGN
2026-03-31T12:41:11.668330,BENIGN
2026-03-31T12:41:11.709519,BENIGN
2026-03-31T12:41:11.713360,BENIGN
2026-03-31T12:41:11.714782,BENIGN
2026-03-31T12:41:21.680323,BENIGN
2026-03-31T12:41:21.682021,BENIGN
2026-03-31T12:41:21.683157,BENIGN
2026-03-31T12:41:21.708678,BENIGN
2026-03-31T12:41:21.709835,BENIGN
2026-03-31T12:41:28.151001,BENIGN
2026-03-31T12:41:28.152095,BENIGN
2026-03-31T12:41:28.152993,BENIGN
2026-03-31T12:41:28.188918,BENIGN
2026-03-31T12:41:28.190284,BENIGN
2026-03-31T12:41:28.191960,BENIGN
2026-03-31T12:41:28.194280,BENIGN
2026-03-31T12:41:28.195359,BENIGN
2026-03-31T12:41:28.231642,BENIGN
2026-03-31T12:41:28.233300,BENIGN
2026-03-31T12:41:28.235096,BENIGN
2026-03-31T12:41:28.236304,BENIGN
2026-03-31T12:41:28.237220,BENIGN
2026-03-31T12:41:28.237990,BENIGN
2026-03-31T12:41:28.238975,BENIGN
2026-03-31T12:41:28.239705,BENIGN
2026-03-31T12:41:28.240860,BENIGN
2026-03-31T12:41:28.291935,BENIGN
2026-03-31T12:41:28.293325,BENIGN
2026-03-31T12:41:28.294526,BENIGN
2026-03-31T12:41:28.295347,BENIGN
2026-03-31T12:41:28.296215,BENIGN
2026-03-31T12:41:28.296955,BENIGN
2026-03-31T12:41:28.297806,BENIGN
2026-03-31T12:41:38.270854,BENIGN
2026-03-31T12:41:38.272495,BENIGN
2026-03-31T12:41:38.273567,BENIGN
2026-03-31T12:41:38.299705,BENIGN
2026-03-31T12:41:38.301031,BENIGN
2026-03-31T12:41:50.217172,BENIGN
2026-03-31T12:41:50.218788,BENIGN
2026-03-31T12:41:50.219989,BENIGN
2026-03-31T12:41:50.287247,BENIGN
2026-03-31T12:41:50.288589,BENIGN
2026-03-31T12:41:55.220802,BENIGN
2026-03-31T12:41:55.222133,BENIGN
2026-03-31T12:41:55.223151,BENIGN
2026-03-31T12:41:55.248093,BENIGN
2026-03-31T12:41:55.250669,BENIGN
2026-03-31T12:41:55.252050,BENIGN
2026-03-31T12:41:55.253152,BENIGN
2026-03-31T12:41:55.260371,BENIGN
2026-03-31T12:41:55.261493,BENIGN
2026-03-31T12:41:55.273596,BENIGN
2026-03-31T12:41:55.275456,BENIGN
2026-03-31T12:41:55.276654,BENIGN
2026-03-31T12:41:55.277544,BENIGN
2026-03-31T12:41:55.278512,BENIGN
2026-03-31T12:41:55.279680,BENIGN
2026-03-31T12:41:55.280430,BENIGN
2026-03-31T12:41:55.281074,BENIGN
2026-03-31T12:41:55.281861,BENIGN
2026-03-31T12:41:55.282698,BENIGN
2026-03-31T12:41:55.283547,BENIGN
2026-03-31T12:41:55.303560,BENIGN
2026-03-31T12:41:55.306914,BENIGN
2026-03-31T12:41:55.308367,BENIGN
2026-03-31T12:41:55.309599,BENIGN
2026-03-31T12:41:55.310377,BENIGN
2026-03-31T12:41:55.311170,BENIGN
2026-03-31T12:41:55.351547,BENIGN
2026-03-31T12:41:55.352840,BENIGN
2026-03-31T12:41:55.353859,BENIGN
2026-03-31T12:41:55.354685,BENIGN
2026-03-31T12:41:55.355466,BENIGN
2026-03-31T12:41:55.356269,BENIGN
2026-03-31T12:41:55.357002,BENIGN
2026-03-31T12:41:55.357731,BENIGN
2026-03-31T12:41:55.384378,BENIGN
2026-03-31T12:41:55.386171,BENIGN
2026-03-31T12:41:55.402799,BENIGN
2026-03-31T12:41:55.408331,BENIGN
2026-03-31T12:41:55.409609,BENIGN
2026-03-31T12:41:55.410785,BENIGN
2026-03-31T12:41:55.411751,BENIGN
2026-03-31T12:41:55.412878,BENIGN
2026-03-31T12:41:55.413651,BENIGN
2026-03-31T12:41:55.414486,BENIGN
2026-03-31T12:41:55.415600,BENIGN
2026-03-31T12:41:55.443110,BENIGN
2026-03-31T12:41:55.444512,BENIGN
2026-03-31T12:41:55.445647,BENIGN
2026-03-31T12:41:55.452505,BENIGN
2026-03-31T12:41:55.482941,BENIGN
2026-03-31T12:41:55.487912,BENIGN
2026-03-31T12:41:55.489196,BENIGN
2026-03-31T12:41:55.490344,BENIGN
2026-03-31T12:41:55.491507,BENIGN
2026-03-31T12:41:55.532681,BENIGN
2026-03-31T12:41:55.539627,BENIGN
2026-03-31T12:41:55.806947,BENIGN
2026-03-31T12:41:55.808463,BENIGN
2026-03-31T12:41:55.848698,BENIGN
2026-03-31T12:41:56.123449,BENIGN
2026-03-31T12:41:56.126255,BENIGN
2026-03-31T12:41:56.128041,BENIGN
2026-03-31T12:41:56.129417,BENIGN
2026-03-31T12:41:56.130698,BENIGN
2026-03-31T12:41:56.153263,BENIGN
2026-03-31T12:41:56.155644,BENIGN
2026-03-31T12:41:56.161127,BENIGN
2026-03-31T12:41:56.163561,BENIGN
2026-03-31T12:41:56.220927,BENIGN
2026-03-31T12:41:56.222579,BENIGN
2026-03-31T12:41:56.228272,BENIGN
2026-03-31T12:41:56.269627,BENIGN
2026-03-31T12:41:56.277320,BENIGN
2026-03-31T12:41:56.279091,BENIGN
2026-03-31T12:41:56.331476,BENIGN
2026-03-31T12:41:56.332778,BENIGN
2026-03-31T12:42:06.255577,BENIGN
2026-03-31T12:42:06.257640,BENIGN
2026-03-31T12:42:06.258729,BENIGN
2026-03-31T12:42:06.281311,BENIGN
2026-03-31T12:42:06.284220,BENIGN
2026-03-31T12:42:53.733257,BENIGN
2026-03-31T12:42:53.778805,BENIGN
2026-03-31T12:42:53.784227,BENIGN
2026-03-31T12:42:53.825612,BENIGN
2026-03-31T12:43:52.376734,BENIGN
2026-03-31T12:43:52.421610,BENIGN
2026-03-31T12:43:52.423321,BENIGN
2026-03-31T12:44:28.195964,BENIGN
2026-03-31T12:44:28.197408,BENIGN
2026-03-31T12:44:28.231789,BENIGN
2026-03-31T12:44:28.233270,BENIGN
2026-03-31T12:44:28.234475,BENIGN
2026-03-31T12:44:28.236329,BENIGN
2026-03-31T12:44:28.237342,BENIGN
2026-03-31T12:44:28.254800,BENIGN
2026-03-31T12:44:28.256454,BENIGN
2026-03-31T12:44:28.257961,BENIGN
2026-03-31T12:44:28.258960,BENIGN
2026-03-31T12:44:28.260191,BENIGN
2026-03-31T12:44:28.261310,BENIGN
2026-03-31T12:44:28.262434,BENIGN
2026-03-31T12:44:28.263475,BENIGN
2026-03-31T12:44:28.264608,BENIGN
2026-03-31T12:44:28.265850,BENIGN
2026-03-31T12:44:28.284642,BENIGN
2026-03-31T12:44:28.483912,BENIGN
2026-03-31T12:44:28.557537,BENIGN
2026-03-31T12:44:28.558733,BENIGN
2026-03-31T12:44:28.559621,BENIGN
2026-03-31T12:44:28.560485,BENIGN
2026-03-31T12:44:28.561327,BENIGN
2026-03-31T12:44:28.562423,BENIGN
2026-03-31T12:44:28.581107,BENIGN
2026-03-31T12:44:28.582611,BENIGN
2026-03-31T12:44:28.583553,BENIGN
2026-03-31T12:44:28.584497,BENIGN
2026-03-31T12:44:28.586211,BENIGN
2026-03-31T12:44:28.587389,BENIGN
2026-03-31T12:44:28.610165,BENIGN
2026-03-31T12:44:28.650447,BENIGN
2026-03-31T12:44:28.755360,BENIGN
2026-03-31T12:44:28.757286,BENIGN
2026-03-31T12:44:28.758775,BENIGN
2026-03-31T12:44:28.923246,BENIGN
2026-03-31T12:44:28.924565,BENIGN
2026-03-31T12:44:28.925971,BENIGN
2026-03-31T12:44:28.927366,BENIGN
2026-03-31T12:44:28.928574,BENIGN
2026-03-31T12:44:28.929889,BENIGN
2026-03-31T12:44:29.035732,BENIGN
2026-03-31T12:44:29.039246,BENIGN
2026-03-31T12:44:29.040582,BENIGN
2026-03-31T12:44:29.041842,BENIGN
2026-03-31T12:44:29.042625,BENIGN
2026-03-31T12:44:29.043339,BENIGN
2026-03-31T12:44:29.043951,BENIGN
2026-03-31T12:44:29.044669,BENIGN
2026-03-31T12:44:29.045294,BENIGN
2026-03-31T12:44:29.045933,BENIGN
2026-03-31T12:44:29.046620,BENIGN
2026-03-31T12:44:29.244085,BENIGN
2026-03-31T12:44:29.245342,BENIGN
2026-03-31T12:44:29.246415,BENIGN
2026-03-31T12:44:29.288985,BENIGN
2026-03-31T12:44:29.343689,BENIGN
2026-03-31T12:44:29.344994,BENIGN
2026-03-31T12:44:29.345989,BENIGN
2026-03-31T12:44:29.356077,BENIGN
2026-03-31T12:44:29.357320,BENIGN
2026-03-31T12:44:29.358406,BENIGN
2026-03-31T12:44:29.359673,BENIGN
2026-03-31T12:44:29.360730,BENIGN
2026-03-31T12:44:29.361437,BENIGN
2026-03-31T12:44:29.411885,BENIGN
2026-03-31T12:44:29.413277,BENIGN
2026-03-31T12:44:29.565526,BENIGN
2026-03-31T12:44:29.613701,BENIGN
2026-03-31T12:44:29.621083,BENIGN
2026-03-31T12:44:38.671640,BENIGN
2026-03-31T12:44:38.683560,BENIGN
2026-03-31T12:44:38.685088,BENIGN
2026-03-31T12:44:38.686162,BENIGN
2026-03-31T12:44:38.701190,BENIGN
2026-03-31T12:44:38.702531,BENIGN
2026-03-31T12:44:38.708577,BENIGN
2026-03-31T12:44:46.190497,BENIGN
2026-03-31T12:44:46.191867,BENIGN
2026-03-31T12:44:46.262083,BENIGN
2026-03-31T12:44:46.265079,BENIGN
2026-03-31T12:44:46.266510,BENIGN
2026-03-31T12:45:01.130252,BENIGN
2026-03-31T12:45:01.131609,BENIGN
2026-03-31T12:45:01.132799,BENIGN
2026-03-31T12:45:01.201565,BENIGN
2026-03-31T12:45:01.202781,BENIGN
2026-03-31T12:45:01.203709,BENIGN
2026-03-31T12:45:01.204981,BENIGN
2026-03-31T12:45:01.207503,BENIGN
2026-03-31T12:45:01.224862,BENIGN
2026-03-31T12:45:01.246300,BENIGN
2026-03-31T12:45:01.247574,BENIGN
2026-03-31T12:45:01.248782,BENIGN
2026-03-31T12:45:01.249636,BENIGN
2026-03-31T12:45:01.250445,BENIGN
2026-03-31T12:45:01.251255,BENIGN
2026-03-31T12:45:01.280332,BENIGN
2026-03-31T12:45:01.285031,BENIGN
2026-03-31T12:45:01.286908,BENIGN
2026-03-31T12:45:01.288675,BENIGN
2026-03-31T12:45:01.291147,BENIGN
2026-03-31T12:45:01.315702,BENIGN
2026-03-31T12:45:01.317151,BENIGN
2026-03-31T12:45:01.318150,BENIGN
2026-03-31T12:45:11.323203,BENIGN
2026-03-31T12:45:11.324536,BENIGN
2026-03-31T12:45:11.368230,BENIGN
2026-03-31T12:45:11.369459,BENIGN
2026-03-31T12:45:28.245892,BENIGN
2026-03-31T12:45:28.602953,BENIGN
2026-03-31T12:45:28.604444,BENIGN
2026-03-31T12:45:28.644937,BENIGN
2026-03-31T12:46:13.940236,BENIGN
2026-03-31T12:46:13.941918,BENIGN
2026-03-31T12:46:13.943588,BENIGN
2026-03-31T12:46:14.000281,BENIGN
2026-03-31T12:46:14.002286,BENIGN
2026-03-31T12:46:14.003680,BENIGN
2026-03-31T12:46:14.005167,BENIGN
2026-03-31T12:46:14.006060,BENIGN
2026-03-31T12:46:14.030731,BENIGN
2026-03-31T12:46:14.031994,BENIGN
2026-03-31T12:46:14.033163,BENIGN
2026-03-31T12:46:14.034168,BENIGN
2026-03-31T12:46:14.035390,BENIGN
2026-03-31T12:46:14.036572,BENIGN
2026-03-31T12:46:14.037899,BENIGN
2026-03-31T12:46:14.038729,BENIGN
2026-03-31T12:46:14.039481,BENIGN
2026-03-31T12:46:14.040218,BENIGN
2026-03-31T12:46:14.083298,BENIGN
2026-03-31T12:46:14.084646,BENIGN
2026-03-31T12:46:14.085710,BENIGN
2026-03-31T12:46:14.118652,BENIGN
2026-03-31T12:46:14.169991,BENIGN
2026-03-31T12:46:24.130714,BENIGN
2026-03-31T12:46:24.132177,BENIGN
2026-03-31T12:46:24.133476,BENIGN
2026-03-31T12:46:24.157174,BENIGN
2026-03-31T12:46:24.158617,BENIGN
2026-03-31T12:46:27.087879,BENIGN
2026-03-31T12:46:27.454970,BENIGN
2026-03-31T12:46:27.456654,BENIGN
2026-03-31T12:46:56.128817,BENIGN
2026-03-31T12:46:56.130318,BENIGN
2026-03-31T12:46:56.131459,BENIGN
2026-03-31T12:46:56.179703,BENIGN
2026-03-31T12:46:56.181318,BENIGN
2026-03-31T12:47:19.411683,BENIGN
2026-03-31T12:47:19.413263,BENIGN
2026-03-31T12:47:19.414228,BENIGN
2026-03-31T12:47:19.415406,BENIGN
2026-03-31T12:47:19.416506,BENIGN
2026-03-31T12:47:19.417900,BENIGN
2026-03-31T12:47:19.418700,BENIGN
2026-03-31T12:47:19.818407,BENIGN
2026-03-31T12:47:19.819831,BENIGN
2026-03-31T12:47:37.260481,BENIGN
2026-03-31T12:47:37.262091,BENIGN
2026-03-31T12:47:37.284369,BENIGN
2026-03-31T12:47:37.286172,BENIGN
2026-03-31T12:47:37.287605,BENIGN
2026-03-31T12:47:37.330810,BENIGN
2026-03-31T12:47:37.332436,BENIGN
2026-03-31T12:47:37.333834,BENIGN
2026-03-31T12:47:37.334927,BENIGN
2026-03-31T12:47:37.336051,BENIGN
2026-03-31T12:47:37.337429,BENIGN
2026-03-31T12:47:37.338826,BENIGN
2026-03-31T12:47:37.339983,BENIGN
2026-03-31T12:47:37.341427,BENIGN
2026-03-31T12:47:37.342780,BENIGN
2026-03-31T12:47:37.343818,BENIGN
2026-03-31T12:47:37.364207,BENIGN
2026-03-31T12:47:37.370389,BENIGN
2026-03-31T12:47:37.411639,BENIGN
2026-03-31T12:47:47.421559,BENIGN
2026-03-31T12:47:47.472257,BENIGN
2026-03-31T12:47:47.473961,BENIGN
2026-03-31T12:47:47.475436,BENIGN
2026-03-31T12:47:47.476683,BENIGN
2026-03-31T12:47:47.477503,BENIGN
2026-03-31T12:47:47.488890,BENIGN
2026-03-31T12:48:00.083625,BENIGN
2026-03-31T12:48:00.085296,BENIGN
2026-03-31T12:48:00.086773,BENIGN
2026-03-31T12:48:00.128425,BENIGN
2026-03-31T12:48:00.130650,BENIGN
2026-03-31T12:48:00.132011,BENIGN
2026-03-31T12:48:00.133487,BENIGN
2026-03-31T12:48:00.134843,BENIGN
2026-03-31T12:48:00.158469,BENIGN
2026-03-31T12:48:00.160214,BENIGN
2026-03-31T12:48:00.161663,BENIGN
2026-03-31T12:48:00.162894,BENIGN
2026-03-31T12:48:00.164408,BENIGN
2026-03-31T12:48:00.165497,BENIGN
2026-03-31T12:48:00.166641,BENIGN
2026-03-31T12:48:00.167671,BENIGN
2026-03-31T12:48:00.168890,BENIGN
2026-03-31T12:48:00.217402,BENIGN
2026-03-31T12:48:00.219014,BENIGN
2026-03-31T12:48:00.220512,BENIGN
2026-03-31T12:48:00.221779,BENIGN
2026-03-31T12:48:00.222732,BENIGN
2026-03-31T12:48:00.299772,BENIGN
2026-03-31T12:48:00.301455,BENIGN
2026-03-31T12:48:00.327923,BENIGN
2026-03-31T12:48:00.375704,BENIGN
2026-03-31T12:48:10.328969,BENIGN
2026-03-31T12:48:10.330665,BENIGN
2026-03-31T12:48:10.332088,BENIGN
2026-03-31T12:48:10.362437,BENIGN
2026-03-31T12:48:10.363938,BENIGN
2026-03-31T12:49:38.074903,BENIGN
2026-03-31T12:49:38.076330,BENIGN
2026-03-31T12:49:38.077373,BENIGN
2026-03-31T12:49:38.097046,BENIGN
2026-03-31T12:49:38.098616,BENIGN
2026-03-31T12:49:38.099909,BENIGN
2026-03-31T12:49:38.101812,BENIGN
2026-03-31T12:49:38.103075,BENIGN
2026-03-31T12:49:38.121339,BENIGN
2026-03-31T12:49:38.122935,BENIGN
2026-03-31T12:49:38.124500,BENIGN
2026-03-31T12:49:38.125816,BENIGN
2026-03-31T12:49:38.127229,BENIGN
2026-03-31T12:49:38.128354,BENIGN
2026-03-31T12:49:38.129550,BENIGN
2026-03-31T12:49:38.130630,BENIGN
2026-03-31T12:49:38.131742,BENIGN
2026-03-31T12:49:38.132533,BENIGN
2026-03-31T12:49:38.133248,BENIGN
2026-03-31T12:49:38.150966,BENIGN
2026-03-31T12:49:38.152754,BENIGN
2026-03-31T12:49:38.154256,BENIGN
2026-03-31T12:49:38.155341,BENIGN
2026-03-31T12:49:48.156477,BENIGN
2026-03-31T12:49:48.157810,BENIGN
2026-03-31T12:49:48.186812,BENIGN
2026-03-31T12:49:48.188138,BENIGN
2026-03-31T12:51:28.718667,BENIGN
2026-03-31T12:51:28.769304,BENIGN
2026-03-31T12:51:56.425814,BENIGN
2026-03-31T12:51:56.429429,BENIGN
2026-03-31T12:51:56.478283,BENIGN
2026-03-31T12:55:02.924989,BENIGN
2026-03-31T12:55:02.927077,BENIGN
2026-03-31T12:55:02.933179,BENIGN
2026-03-31T12:55:02.944424,BENIGN
2026-03-31T12:55:02.946565,BENIGN
2026-03-31T12:55:02.956582,BENIGN
2026-03-31T12:55:02.957961,BENIGN
2026-03-31T12:55:02.959155,BENIGN
2026-03-31T12:55:02.966543,BENIGN
2026-03-31T12:55:02.967961,BENIGN
2026-03-31T12:55:02.969311,BENIGN
2026-03-31T12:55:02.970451,BENIGN
2026-03-31T12:55:03.016254,BENIGN
2026-03-31T12:55:03.017864,BENIGN
2026-03-31T12:55:03.019504,BENIGN
2026-03-31T12:55:03.021278,BENIGN
2026-03-31T12:55:03.022793,BENIGN
2026-03-31T12:55:03.024185,BENIGN
2026-03-31T12:55:03.025544,BENIGN
2026-03-31T12:55:03.026797,BENIGN
2026-03-31T12:55:03.028054,BENIGN
2026-03-31T12:55:03.029215,BENIGN
2026-03-31T12:55:03.030269,BENIGN
2026-03-31T12:55:03.041190,BENIGN
2026-03-31T12:55:03.042690,BENIGN
2026-03-31T12:55:03.043709,BENIGN
2026-03-31T12:55:03.044874,BENIGN
2026-03-31T12:55:03.045997,BENIGN
2026-03-31T12:55:03.047027,BENIGN
2026-03-31T12:55:03.076142,BENIGN
2026-03-31T12:55:03.097300,BENIGN
2026-03-31T12:55:03.099424,BENIGN
2026-03-31T12:55:03.101051,BENIGN
2026-03-31T12:55:03.116529,BENIGN
2026-03-31T12:55:03.142635,BENIGN
2026-03-31T12:55:03.144354,BENIGN
2026-03-31T12:55:03.166382,BENIGN
2026-03-31T12:55:03.168258,BENIGN
2026-03-31T12:55:03.169647,BENIGN
2026-03-31T12:55:03.170969,BENIGN
2026-03-31T12:55:03.172849,BENIGN
2026-03-31T12:55:03.173961,BENIGN
2026-03-31T12:55:03.228619,BENIGN
2026-03-31T12:55:03.235285,BENIGN
2026-03-31T12:55:03.236334,BENIGN
2026-03-31T12:55:03.262886,BENIGN
2026-03-31T12:55:03.264423,BENIGN
2026-03-31T12:55:03.475592,BENIGN
2026-03-31T12:55:13.066703,BENIGN
2026-03-31T12:55:13.068564,BENIGN
2026-03-31T12:55:13.069933,BENIGN
2026-03-31T12:55:13.095462,BENIGN
2026-03-31T12:55:13.096581,BENIGN
2026-03-31T12:55:13.421284,BENIGN
2026-03-31T12:55:13.424583,BENIGN
2026-03-31T12:55:13.425985,BENIGN
2026-03-31T12:56:11.751146,BENIGN
2026-03-31T12:56:11.752891,BENIGN
2026-03-31T12:56:11.755004,BENIGN
2026-03-31T12:56:11.813516,BENIGN
2026-03-31T12:56:11.815232,BENIGN
2026-03-31T12:56:11.816689,BENIGN
2026-03-31T12:56:11.817579,BENIGN
2026-03-31T12:56:11.818821,BENIGN
2026-03-31T12:56:11.819602,BENIGN
2026-03-31T12:56:11.840637,BENIGN
2026-03-31T12:56:11.841821,BENIGN
2026-03-31T12:56:11.842855,BENIGN
2026-03-31T12:56:11.843755,BENIGN
2026-03-31T12:56:11.845035,BENIGN
2026-03-31T12:56:11.846162,BENIGN
2026-03-31T12:56:11.847472,BENIGN
2026-03-31T12:56:11.848130,BENIGN
2026-03-31T12:56:11.848771,BENIGN
2026-03-31T12:56:11.849843,BENIGN
2026-03-31T12:56:11.850696,BENIGN
2026-03-31T12:56:11.851518,BENIGN
2026-03-31T12:56:11.852258,BENIGN
2026-03-31T12:56:11.852935,BENIGN
2026-03-31T12:56:11.853709,BENIGN
2026-03-31T12:56:11.881182,BENIGN
2026-03-31T12:56:11.937235,BENIGN
2026-03-31T12:56:11.938600,BENIGN
2026-03-31T12:56:11.939848,BENIGN
2026-03-31T12:56:11.941112,BENIGN
2026-03-31T12:56:11.980015,BENIGN
2026-03-31T12:56:12.012167,BENIGN
2026-03-31T12:56:12.014401,BENIGN
2026-03-31T12:56:12.069159,BENIGN
2026-03-31T12:56:12.070865,BENIGN
2026-03-31T12:56:12.110204,BENIGN
2026-03-31T12:56:12.150844,BENIGN
2026-03-31T12:56:22.171622,BENIGN
2026-03-31T12:56:22.180699,BENIGN
2026-03-31T12:56:22.182397,BENIGN
2026-03-31T12:56:22.184011,BENIGN
2026-03-31T12:56:22.195807,BENIGN
2026-03-31T12:56:22.197899,BENIGN
2026-03-31T12:56:22.207323,BENIGN
2026-03-31T12:56:56.740131,BENIGN
2026-03-31T12:56:56.742612,BENIGN
2026-03-31T12:56:56.777868,BENIGN
2026-03-31T12:57:13.075770,BENIGN
2026-03-31T12:57:13.078113,BENIGN
2026-03-31T12:57:13.080163,BENIGN
2026-03-31T12:57:13.095709,BENIGN
2026-03-31T12:57:13.097007,BENIGN
2026-03-31T12:57:13.098301,BENIGN
2026-03-31T12:57:13.100266,BENIGN
2026-03-31T12:57:13.102159,BENIGN
2026-03-31T12:57:13.104044,BENIGN
2026-03-31T12:57:13.105847,BENIGN
2026-03-31T12:57:13.121858,BENIGN
2026-03-31T12:57:13.123224,BENIGN
2026-03-31T12:57:13.125356,BENIGN
2026-03-31T12:57:13.126941,BENIGN
2026-03-31T12:57:13.128114,BENIGN
2026-03-31T12:57:13.129496,BENIGN
2026-03-31T12:57:13.131426,BENIGN
2026-03-31T12:57:13.132930,BENIGN
2026-03-31T12:57:13.134397,BENIGN
2026-03-31T12:57:13.135423,BENIGN
2026-03-31T12:57:13.136114,BENIGN
2026-03-31T12:57:13.158389,BENIGN
2026-03-31T12:57:13.178681,BENIGN
2026-03-31T12:57:13.180391,BENIGN
2026-03-31T12:57:13.181607,BENIGN
2026-03-31T12:57:23.156428,BENIGN
2026-03-31T12:57:23.157907,BENIGN
2026-03-31T12:57:23.186715,BENIGN
2026-03-31T12:57:23.188539,BENIGN
2026-03-31T12:58:01.376077,BENIGN
2026-03-31T12:58:01.380563,BENIGN
2026-03-31T12:58:01.384627,BENIGN
2026-03-31T12:58:01.410751,BENIGN
2026-03-31T12:58:01.413651,BENIGN
2026-03-31T12:58:01.416480,BENIGN
2026-03-31T12:58:01.421120,BENIGN
2026-03-31T12:58:01.424654,BENIGN
2026-03-31T12:58:01.428299,BENIGN
2026-03-31T12:58:01.444932,BENIGN
2026-03-31T12:58:01.447860,BENIGN
2026-03-31T12:58:01.450189,BENIGN
2026-03-31T12:58:01.451957,BENIGN
2026-03-31T12:58:01.454627,BENIGN
2026-03-31T12:58:01.456345,BENIGN
2026-03-31T12:58:01.458425,BENIGN
2026-03-31T12:58:01.459845,BENIGN
2026-03-31T12:58:01.461116,BENIGN
2026-03-31T12:58:01.475370,BENIGN
2026-03-31T12:58:01.477690,BENIGN
2026-03-31T12:58:01.479785,BENIGN
2026-03-31T12:58:01.481681,BENIGN
2026-03-31T12:58:01.483050,BENIGN
2026-03-31T12:58:01.504564,BENIGN
2026-03-31T12:58:01.530251,BENIGN
2026-03-31T12:58:01.533130,BENIGN
2026-03-31T12:58:01.558352,BENIGN
2026-03-31T12:58:01.565891,BENIGN
2026-03-31T12:58:01.695756,BENIGN
2026-03-31T12:58:11.502300,BENIGN
2026-03-31T12:58:11.505034,BENIGN
2026-03-31T12:58:11.532875,BENIGN
2026-03-31T12:58:11.535974,BENIGN
2026-03-31T13:01:36.771686,BENIGN
2026-03-31T13:01:36.773257,BENIGN
2026-03-31T13:01:36.774677,BENIGN
2026-03-31T13:01:36.802499,BENIGN
2026-03-31T13:01:36.803890,BENIGN
2026-03-31T13:01:36.805382,BENIGN
2026-03-31T13:01:36.806356,BENIGN
2026-03-31T13:01:36.807692,BENIGN
2026-03-31T13:01:36.809154,BENIGN
2026-03-31T13:01:36.845916,BENIGN
2026-03-31T13:01:36.849907,BENIGN
2026-03-31T13:01:36.852960,BENIGN
2026-03-31T13:01:36.856237,BENIGN
2026-03-31T13:01:36.859117,BENIGN
2026-03-31T13:01:36.861597,BENIGN
2026-03-31T13:01:36.863904,BENIGN
2026-03-31T13:01:36.866027,BENIGN
2026-03-31T13:01:36.867699,BENIGN
2026-03-31T13:01:36.869110,BENIGN
2026-03-31T13:01:36.870207,BENIGN
2026-03-31T13:01:36.871415,BENIGN
2026-03-31T13:01:36.872949,BENIGN
2026-03-31T13:01:36.876464,BENIGN
2026-03-31T13:01:36.877871,BENIGN
2026-03-31T13:01:36.879810,BENIGN
2026-03-31T13:01:36.905395,BENIGN
2026-03-31T13:01:36.908216,BENIGN
2026-03-31T13:01:36.910681,BENIGN
2026-03-31T13:01:36.927524,BENIGN
2026-03-31T13:01:36.970153,BENIGN
2026-03-31T13:01:46.928680,BENIGN
2026-03-31T13:01:46.931066,BENIGN
2026-03-31T13:01:46.933509,BENIGN
2026-03-31T13:01:46.959443,BENIGN
2026-03-31T13:01:46.962482,BENIGN
2026-03-31T13:01:55.806117,BENIGN
2026-03-31T13:01:55.807383,BENIGN
2026-03-31T13:01:55.808355,BENIGN
2026-03-31T13:01:55.861458,BENIGN
2026-03-31T13:01:55.864656,BENIGN
2026-03-31T13:02:00.815836,BENIGN
2026-03-31T13:02:00.820039,BENIGN
2026-03-31T13:02:00.823663,BENIGN
2026-03-31T13:02:00.858430,BENIGN
2026-03-31T13:02:00.861101,BENIGN
2026-03-31T13:02:00.863944,BENIGN
2026-03-31T13:02:00.879809,BENIGN
2026-03-31T13:02:00.883151,BENIGN
2026-03-31T13:02:00.887129,BENIGN
2026-03-31T13:02:00.890395,BENIGN
2026-03-31T13:02:00.891992,BENIGN
2026-03-31T13:02:00.893462,BENIGN
2026-03-31T13:02:00.894962,BENIGN
2026-03-31T13:02:00.896628,BENIGN
2026-03-31T13:02:00.898374,BENIGN
2026-03-31T13:02:00.899540,BENIGN
2026-03-31T13:02:00.900544,BENIGN
2026-03-31T13:02:00.901373,BENIGN
2026-03-31T13:02:00.902226,BENIGN
2026-03-31T13:02:00.902930,BENIGN
2026-03-31T13:02:00.903738,BENIGN
2026-03-31T13:02:00.904819,BENIGN
2026-03-31T13:02:00.908539,BENIGN
2026-03-31T13:02:00.913062,BENIGN
2026-03-31T13:02:00.914118,BENIGN
2026-03-31T13:02:00.942928,BENIGN
2026-03-31T13:02:00.946693,BENIGN
2026-03-31T13:02:00.949042,BENIGN
2026-03-31T13:02:00.950961,BENIGN
2026-03-31T13:02:00.975243,BENIGN
2026-03-31T13:02:01.014073,BENIGN
2026-03-31T13:02:01.017055,BENIGN
2026-03-31T13:02:01.019529,BENIGN
2026-03-31T13:02:01.042842,BENIGN
2026-03-31T13:02:01.046987,BENIGN
2026-03-31T13:02:01.080443,BENIGN
2026-03-31T13:02:01.082856,BENIGN
2026-03-31T13:02:01.097742,BENIGN
2026-03-31T13:02:01.100762,BENIGN
2026-03-31T13:02:01.103705,BENIGN
2026-03-31T13:02:01.150248,BENIGN
2026-03-31T13:02:01.153910,BENIGN
2026-03-31T13:02:01.155283,BENIGN
2026-03-31T13:02:01.156635,BENIGN
2026-03-31T13:02:01.157375,BENIGN
2026-03-31T13:02:01.200184,BENIGN
2026-03-31T13:02:01.203612,BENIGN
2026-03-31T13:02:01.204903,BENIGN
2026-03-31T13:02:01.205936,BENIGN
2026-03-31T13:02:01.240531,BENIGN
2026-03-31T13:02:01.257738,BENIGN
2026-03-31T13:02:01.259353,BENIGN
2026-03-31T13:02:01.260415,BENIGN
2026-03-31T13:02:01.261562,BENIGN
2026-03-31T13:02:01.320136,BENIGN
2026-03-31T13:02:01.323902,BENIGN
2026-03-31T13:02:01.326675,BENIGN
2026-03-31T13:02:01.329486,BENIGN
2026-03-31T13:02:01.331203,BENIGN
2026-03-31T13:02:01.381225,BENIGN
2026-03-31T13:02:01.595656,BENIGN
2026-03-31T13:02:01.597349,BENIGN
2026-03-31T13:02:01.678424,BENIGN
2026-03-31T13:02:01.871921,BENIGN
2026-03-31T13:02:01.909903,BENIGN
2026-03-31T13:02:11.072288,BENIGN
2026-03-31T13:02:11.074297,BENIGN
2026-03-31T13:02:11.077387,BENIGN
2026-03-31T13:02:11.102092,BENIGN
2026-03-31T13:02:11.104865,BENIGN
2026-03-31T13:02:59.862769,BENIGN
2026-03-31T13:02:59.935663,BENIGN
2026-03-31T13:02:59.938820,BENIGN
2026-03-31T13:02:59.941637,BENIGN
2026-03-31T13:03:43.915700,BENIGN
2026-03-31T13:03:43.917900,BENIGN
2026-03-31T13:03:43.919962,BENIGN
2026-03-31T13:03:43.969906,BENIGN
2026-03-31T13:03:43.973647,BENIGN
2026-03-31T13:03:43.975877,BENIGN
2026-03-31T13:03:43.977036,BENIGN
2026-03-31T13:03:43.979364,BENIGN
2026-03-31T13:03:43.980511,BENIGN
2026-03-31T13:03:44.001161,BENIGN
2026-03-31T13:03:44.004188,BENIGN
2026-03-31T13:03:44.007695,BENIGN
2026-03-31T13:03:44.010796,BENIGN
2026-03-31T13:03:44.013091,BENIGN
2026-03-31T13:03:44.014621,BENIGN
2026-03-31T13:03:44.016301,BENIGN
2026-03-31T13:03:44.018482,BENIGN
2026-03-31T13:03:44.020932,BENIGN
2026-03-31T13:03:44.023688,BENIGN
2026-03-31T13:03:44.026312,BENIGN
2026-03-31T13:03:44.034667,BENIGN
2026-03-31T13:03:44.040090,BENIGN
2026-03-31T13:03:44.042739,BENIGN
2026-03-31T13:03:44.045129,BENIGN
2026-03-31T13:03:44.047134,BENIGN
2026-03-31T13:03:44.048814,BENIGN
2026-03-31T13:03:44.061834,BENIGN
2026-03-31T13:03:44.064613,BENIGN
2026-03-31T13:03:44.089575,BENIGN
2026-03-31T13:03:44.092969,BENIGN
2026-03-31T13:03:44.118340,BENIGN
2026-03-31T13:03:44.160560,BENIGN
2026-03-31T13:03:45.234726,BENIGN
2026-03-31T13:03:45.236260,BENIGN
2026-03-31T13:03:45.289157,BENIGN
2026-03-31T13:03:45.291077,BENIGN
2026-03-31T13:03:45.293204,BENIGN
2026-03-31T13:03:45.317639,BENIGN
2026-03-31T13:03:45.342656,BENIGN
2026-03-31T13:03:54.117998,BENIGN
2026-03-31T13:03:54.120962,BENIGN
2026-03-31T13:03:54.123706,BENIGN
2026-03-31T13:03:54.148860,BENIGN
2026-03-31T13:03:54.151756,BENIGN
2026-03-31T13:03:58.925141,BENIGN
2026-03-31T13:03:58.999700,BENIGN
2026-03-31T13:03:59.002015,BENIGN
2026-03-31T13:04:36.824100,BENIGN
2026-03-31T13:04:36.860135,BENIGN
2026-03-31T13:04:51.650215,BENIGN
2026-03-31T13:04:51.653883,BENIGN
2026-03-31T13:04:51.708639,BENIGN
2026-03-31T13:04:51.712683,BENIGN
2026-03-31T13:04:51.716085,BENIGN
2026-03-31T13:05:06.879608,BENIGN
2026-03-31T13:05:06.881440,BENIGN
2026-03-31T13:05:06.883508,BENIGN
2026-03-31T13:05:06.933505,BENIGN
2026-03-31T13:05:06.936159,BENIGN
2026-03-31T13:05:06.938054,BENIGN
2026-03-31T13:05:06.939914,BENIGN
2026-03-31T13:05:06.940889,BENIGN
2026-03-31T13:05:06.968204,BENIGN
2026-03-31T13:05:06.969836,BENIGN
2026-03-31T13:05:06.971536,BENIGN
2026-03-31T13:05:06.972667,BENIGN
2026-03-31T13:05:06.973971,BENIGN
2026-03-31T13:05:06.974820,BENIGN
2026-03-31T13:05:06.975605,BENIGN
2026-03-31T13:05:06.976481,BENIGN
2026-03-31T13:05:06.977607,BENIGN
2026-03-31T13:05:06.978482,BENIGN
2026-03-31T13:05:06.979659,BENIGN
2026-03-31T13:05:07.011925,BENIGN
2026-03-31T13:05:07.019416,BENIGN
2026-03-31T13:05:07.021673,BENIGN
2026-03-31T13:05:07.023483,BENIGN
2026-03-31T13:05:07.558507,BENIGN
2026-03-31T13:05:07.560163,BENIGN
2026-03-31T13:05:07.561097,BENIGN
2026-03-31T13:05:07.590260,BENIGN
2026-03-31T13:05:07.623179,BENIGN
2026-03-31T13:05:07.625225,BENIGN
2026-03-31T13:05:07.629400,BENIGN
2026-03-31T13:05:07.670965,BENIGN
2026-03-31T13:05:07.672784,BENIGN
2026-03-31T13:05:07.675250,BENIGN
2026-03-31T13:05:17.671484,BENIGN
2026-03-31T13:05:17.697042,BENIGN
2026-03-31T13:05:17.698273,BENIGN
2026-03-31T13:05:17.704170,BENIGN
2026-03-31T13:05:17.705231,BENIGN
2026-03-31T13:05:17.721726,BENIGN
2026-03-31T13:07:01.876152,BENIGN
2026-03-31T13:07:01.878377,BENIGN
2026-03-31T13:07:01.880500,BENIGN
2026-03-31T13:07:01.933114,BENIGN
2026-03-31T13:08:02.629505,BENIGN
2026-03-31T13:08:02.631029,BENIGN
2026-03-31T13:08:02.632448,BENIGN
2026-03-31T13:08:02.668787,BENIGN
2026-03-31T13:08:02.670567,BENIGN
2026-03-31T13:08:02.671789,BENIGN
2026-03-31T13:08:02.704458,BENIGN
2026-03-31T13:08:02.706696,BENIGN
2026-03-31T13:08:02.707700,BENIGN
2026-03-31T13:08:02.708606,BENIGN
2026-03-31T13:08:02.709580,BENIGN
2026-03-31T13:08:02.710963,BENIGN
2026-03-31T13:08:02.712443,BENIGN
2026-03-31T13:08:02.713824,BENIGN
2026-03-31T13:08:02.715307,BENIGN
2026-03-31T13:08:02.716598,BENIGN
2026-03-31T13:08:02.741829,BENIGN
2026-03-31T13:08:02.743450,BENIGN
2026-03-31T13:08:02.745121,BENIGN
2026-03-31T13:08:02.746714,BENIGN
2026-03-31T13:08:02.748152,BENIGN
2026-03-31T13:08:02.789084,BENIGN
2026-03-31T13:08:02.806699,BENIGN
2026-03-31T13:08:02.808035,BENIGN
2026-03-31T13:08:02.809127,BENIGN
2026-03-31T13:08:02.810086,BENIGN
2026-03-31T13:08:02.831862,BENIGN
2026-03-31T13:08:02.872603,BENIGN
2026-03-31T13:08:11.366589,BENIGN
2026-03-31T13:08:11.368075,BENIGN
2026-03-31T13:08:11.369511,BENIGN
2026-03-31T13:08:11.392569,BENIGN
2026-03-31T13:08:11.403080,BENIGN
2026-03-31T13:08:11.405885,BENIGN
2026-03-31T13:08:11.408675,BENIGN
2026-03-31T13:08:11.411509,BENIGN
2026-03-31T13:08:11.414268,BENIGN
2026-03-31T13:08:21.400219,BENIGN
2026-03-31T13:08:21.401794,BENIGN
2026-03-31T13:08:21.403416,BENIGN
2026-03-31T13:08:21.434146,BENIGN
2026-03-31T13:08:21.435820,BENIGN
2026-03-31T13:08:32.027433,BENIGN
2026-03-31T13:08:32.089210,BENIGN
2026-03-31T13:10:12.237621,BENIGN
2026-03-31T13:10:12.239267,BENIGN
2026-03-31T13:10:12.312194,BENIGN
2026-03-31T13:10:12.314565,BENIGN
2026-03-31T13:10:12.315915,BENIGN
2026-03-31T13:10:12.317228,BENIGN
2026-03-31T13:10:12.343414,BENIGN
2026-03-31T13:10:12.349158,BENIGN
2026-03-31T13:10:12.352806,BENIGN
2026-03-31T13:10:12.354430,BENIGN
2026-03-31T13:10:12.355557,BENIGN
2026-03-31T13:10:12.356553,BENIGN
2026-03-31T13:10:12.361445,BENIGN
2026-03-31T13:10:12.363276,BENIGN
2026-03-31T13:10:12.364812,BENIGN
2026-03-31T13:10:12.366224,BENIGN
2026-03-31T13:10:12.429195,BENIGN
2026-03-31T13:10:12.438149,BENIGN
2026-03-31T13:10:12.481026,BENIGN
2026-03-31T13:10:22.534144,BENIGN
2026-03-31T13:10:22.536911,BENIGN
2026-03-31T13:10:22.539281,BENIGN
2026-03-31T13:10:22.597418,BENIGN
2026-03-31T13:10:22.598496,BENIGN
2026-03-31T13:11:11.953905,BENIGN
2026-03-31T13:11:11.955578,BENIGN
2026-03-31T13:11:11.957746,BENIGN
2026-03-31T13:11:11.996648,BENIGN
2026-03-31T13:11:11.998263,BENIGN
2026-03-31T13:11:11.999375,BENIGN
2026-03-31T13:11:12.000789,BENIGN
2026-03-31T13:11:12.001581,BENIGN
2026-03-31T13:11:12.005681,BENIGN
2026-03-31T13:11:12.054945,BENIGN
2026-03-31T13:11:12.056454,BENIGN
2026-03-31T13:11:12.057787,BENIGN
2026-03-31T13:11:12.058636,BENIGN
2026-03-31T13:11:12.059511,BENIGN
2026-03-31T13:11:12.060556,BENIGN
2026-03-31T13:11:12.061261,BENIGN
2026-03-31T13:11:12.061943,BENIGN
2026-03-31T13:11:12.062578,BENIGN
2026-03-31T13:11:12.063609,BENIGN
2026-03-31T13:11:12.064468,BENIGN
2026-03-31T13:11:12.065650,BENIGN
2026-03-31T13:11:12.066506,BENIGN
2026-03-31T13:11:12.067245,BENIGN
2026-03-31T13:11:12.068003,BENIGN
2026-03-31T13:11:12.082069,BENIGN
2026-03-31T13:11:12.084043,BENIGN
2026-03-31T13:11:12.139708,BENIGN
2026-03-31T13:11:12.140968,BENIGN
2026-03-31T13:11:12.142258,BENIGN
2026-03-31T13:11:12.143509,BENIGN
2026-03-31T13:11:12.144776,BENIGN
2026-03-31T13:11:12.224437,BENIGN
2026-03-31T13:11:12.226032,BENIGN
2026-03-31T13:11:12.252925,BENIGN
2026-03-31T13:11:12.302595,BENIGN
2026-03-31T13:11:22.378672,BENIGN
2026-03-31T13:11:22.380085,BENIGN
2026-03-31T13:11:22.381316,BENIGN
2026-03-31T13:11:22.426933,BENIGN
2026-03-31T13:11:22.428351,BENIGN
2026-03-31T13:12:02.144697,BENIGN
2026-03-31T13:12:02.145919,BENIGN
2026-03-31T13:12:02.196889,BENIGN
2026-03-31T13:13:43.989327,BENIGN
2026-03-31T13:13:43.991078,BENIGN
2026-03-31T13:13:43.992573,BENIGN
2026-03-31T13:13:44.045389,BENIGN
2026-03-31T13:13:44.046753,BENIGN
2026-03-31T13:13:44.048048,BENIGN
2026-03-31T13:13:44.048818,BENIGN
2026-03-31T13:13:44.049639,BENIGN
2026-03-31T13:13:44.077266,BENIGN
2026-03-31T13:13:44.078450,BENIGN
2026-03-31T13:13:44.079670,BENIGN
2026-03-31T13:13:44.080980,BENIGN
2026-03-31T13:13:44.082926,BENIGN
2026-03-31T13:13:44.084195,BENIGN
2026-03-31T13:13:44.085179,BENIGN
2026-03-31T13:13:44.085903,BENIGN
2026-03-31T13:13:44.086624,BENIGN
2026-03-31T13:13:44.087439,BENIGN
2026-03-31T13:13:44.088117,BENIGN
2026-03-31T13:13:44.088813,BENIGN
2026-03-31T13:13:44.089455,BENIGN
2026-03-31T13:13:44.129524,BENIGN
2026-03-31T13:13:44.130998,BENIGN
2026-03-31T13:13:44.132227,BENIGN
2026-03-31T13:13:44.133376,BENIGN
2026-03-31T13:13:54.172241,BENIGN
2026-03-31T13:13:54.206879,BENIGN
2026-03-31T13:13:54.208390,BENIGN
2026-03-31T13:13:54.209459,BENIGN
2026-03-31T13:13:54.210108,BENIGN
2026-03-31T13:13:54.244971,BENIGN
2026-03-31T13:15:15.019281,BENIGN
2026-03-31T13:15:15.021570,BENIGN
2026-03-31T13:15:15.074031,BENIGN
2026-03-31T13:15:15.075560,BENIGN
2026-03-31T13:15:15.076958,BENIGN
2026-03-31T13:15:15.078794,BENIGN
2026-03-31T13:15:15.080557,BENIGN
2026-03-31T13:15:15.081517,BENIGN
2026-03-31T13:15:15.103780,BENIGN
2026-03-31T13:15:15.105104,BENIGN
2026-03-31T13:15:15.106724,BENIGN
2026-03-31T13:15:15.108220,BENIGN
2026-03-31T13:15:15.110077,BENIGN
2026-03-31T13:15:15.110970,BENIGN
2026-03-31T13:15:15.111661,BENIGN
2026-03-31T13:15:15.112545,BENIGN
2026-03-31T13:15:15.113677,BENIGN
2026-03-31T13:15:15.159050,BENIGN
2026-03-31T13:15:15.160677,BENIGN
2026-03-31T13:15:15.162016,BENIGN
2026-03-31T13:15:15.189417,BENIGN
2026-03-31T13:15:15.338560,BENIGN
2026-03-31T13:15:15.340404,BENIGN
2026-03-31T13:15:15.341387,BENIGN
2026-03-31T13:15:15.342027,BENIGN
2026-03-31T13:15:15.364970,BENIGN
2026-03-31T13:15:15.366442,BENIGN
2026-03-31T13:15:15.367870,BENIGN
2026-03-31T13:15:15.589997,BENIGN
2026-03-31T13:15:15.674499,BENIGN
2026-03-31T13:15:15.676183,BENIGN
2026-03-31T13:15:15.677713,BENIGN
2026-03-31T13:15:15.931490,BENIGN
2026-03-31T13:15:15.932708,BENIGN
2026-03-31T13:15:15.933639,BENIGN
2026-03-31T13:15:15.934318,BENIGN
2026-03-31T13:15:15.935213,BENIGN
2026-03-31T13:15:15.936344,BENIGN
2026-03-31T13:15:15.937373,BENIGN
2026-03-31T13:15:15.938360,BENIGN
2026-03-31T13:15:15.939056,BENIGN
2026-03-31T13:15:16.296058,BENIGN
2026-03-31T13:15:16.297306,BENIGN
2026-03-31T13:15:16.298199,BENIGN
2026-03-31T13:15:16.298978,BENIGN
2026-03-31T13:15:16.299744,BENIGN
2026-03-31T13:15:16.300511,BENIGN
2026-03-31T13:15:16.301160,BENIGN
2026-03-31T13:15:16.301834,BENIGN
2026-03-31T13:15:16.621060,BENIGN
2026-03-31T13:15:25.421270,BENIGN
2026-03-31T13:15:25.446565,BENIGN
2026-03-31T13:15:25.448037,BENIGN
2026-03-31T13:15:25.472897,BENIGN
2026-03-31T13:15:25.474347,BENIGN
2026-03-31T13:15:25.475563,BENIGN
2026-03-31T13:15:25.476733,BENIGN
2026-03-31T13:15:25.477546,BENIGN
2026-03-31T13:16:02.318580,BENIGN
2026-03-31T13:16:02.320260,BENIGN
2026-03-31T13:16:02.321760,BENIGN
2026-03-31T13:16:02.389271,BENIGN
2026-03-31T13:16:02.391779,BENIGN
2026-03-31T13:16:02.394402,BENIGN
2026-03-31T13:16:02.396014,BENIGN
2026-03-31T13:16:02.398839,BENIGN
2026-03-31T13:16:02.400304,BENIGN
2026-03-31T13:16:02.428993,BENIGN
2026-03-31T13:16:02.430521,BENIGN
2026-03-31T13:16:02.432148,BENIGN
2026-03-31T13:16:02.433496,BENIGN
2026-03-31T13:16:02.435689,BENIGN
2026-03-31T13:16:02.437426,BENIGN
2026-03-31T13:16:02.438815,BENIGN
2026-03-31T13:16:02.476074,BENIGN
2026-03-31T13:16:02.477712,BENIGN
2026-03-31T13:16:02.479240,BENIGN
2026-03-31T13:16:02.481811,BENIGN
2026-03-31T13:16:02.483037,BENIGN
2026-03-31T13:16:02.484626,BENIGN
2026-03-31T13:16:02.486340,BENIGN
2026-03-31T13:16:02.505352,BENIGN
2026-03-31T13:16:02.509761,BENIGN
2026-03-31T13:16:02.510999,BENIGN
2026-03-31T13:16:02.512029,BENIGN
2026-03-31T13:16:12.522611,BENIGN
2026-03-31T13:16:12.524019,BENIGN
2026-03-31T13:16:12.553916,BENIGN
2026-03-31T13:16:12.555183,BENIGN
2026-03-31T13:16:15.006892,BENIGN
2026-03-31T13:16:15.336767,BENIGN
2026-03-31T13:16:15.338499,BENIGN
2026-03-31T13:16:15.377688,BENIGN
2026-03-31T13:17:02.539125,BENIGN
2026-03-31T13:17:02.540836,BENIGN
2026-03-31T13:17:02.591984,BENIGN
2026-03-31T13:17:13.621283,BENIGN
2026-03-31T13:17:13.898296,BENIGN
2026-03-31T13:17:13.899566,BENIGN
